901,UTC+0
902,UTC+5
903,UTC+0
904,UTC+2
905,UTC+0
906,UTC+1
907,UTC+0
908,UTC+2
909,UTC+0
910,UTC+0
911,UTC+0
912,UTC+2
913,UTC+4
914,UTC+7
915,UTC+0
916,UTC+0
917,UTC+0
918,UTC+0
919,UTC+0
920,UTC+0
921,UTC+0
922,UTC+2
923,UTC+4
924,UTC+7
925,UTC+0
926,UTC+0
927,UTC+1
928,UTC+0
929,UTC+0
930,UTC+0
931,UTC+0
932,UTC+1
933,UTC+4
934,UTC+0
936,UTC+0
937,UTC+1
938,UTC+0
939,UTC+0
950,UTC+2
951,UTC+0
952,UTC+2
953,UTC+0
954,UTC+0
955,UTC+0
956,UTC+0
957,UTC+0
958,UTC+0
959,UTC+0
960,UTC+0
961,UTC+0
962,UTC+0
963,UTC+0
964,UTC+0
965,UTC+0
966,UTC+0
967,UTC+0
968,UTC+0
969,UTC+0
970,UTC+0
971,UTC+0
980,UTC+0
981,UTC+0
982,UTC+2
983,UTC+4
984,UTC+5
985,UTC+0
986,UTC+0
987,UTC+0
988,UTC+0
989,UTC+0
991,UTC+0
992,UTC+2
993,UTC+4
994,UTC+5
995,UTC+0
996,UTC+0
997,UTC+0
998,UTC+0
999,UTC+0
